{"cameraMode":{"drawMode":0,"name":"Shaded","section":"Shading Mode"},"sceneLighting":true,"audioPlay":false,"sceneViewState":{"showFog":true,"showMaterialUpdate":false,"showSkybox":true,"showFlares":true,"showImageEffects":true,"showParticleSystems":true},"in2DMode":false,"pivot":{"x":2.0351779460906984,"y":1.4211137294769288,"z":1.0354461669921876},"rotation":{"x":-0.07952858507633209,"y":-0.07111968100070954,"z":0.005661147180944681,"w":-0.9943392276763916},"size":8.063462257385254,"orthographic":false}